name, type
0.png, 0
1.png,0
1253.png,0
1254.png,0
1255.png,0
1256.png,0
1257.png,0
1258.png,0
1259.png,0
1260.png,0
1261.png,0
1262.png,0
1263.png,0
1264.png,0
1265.png,0
1266.png,0
1267.png,0
1268.png,0
1269.png,0
1270.png,0
1271.png,0
1272.png,0
1273.png,0
1274.png,0
1275.png,0
1276.png,0
1277.png,0
1278.png,0
1279.png,0
1280.png,0
1281.png,0
1282.png,0
1283.png,0
1315.png,0
1316.png,0
1317.png,0
1318.png,0
1319.png,0
1320.png,0
1321.png,0
1322.png,0
1323.png,0
1324.png,0
1325.png,0
1326.png,0
1327.png,0
1328.png,0
1329.png,0
1330.png,0
1331.png,0
1332.png,0
1333.png,0
1334.png,0
1335.png,0
1336.png,0
1337.png,0
1338.png,0
1339.png,0
1340.png,0
1341.png,0
1342.png,0
1343.png,0
1344.png,0
1345.png,0
1346.png,0
1347.png,0
1348.png,0
1349.png,0
1350.png,0
1351.png,0
1352.png,0
1353.png,0
1354.png,0
1355.png,0
1356.png,0
2015-11-26 12-15-22.148.wmv_2634_0000_0629_0264_0058_0054.png,0
2015-11-26 12-15-22.148.wmv_2643_0000_0846_0054_0163_0150.png,0
2015-11-30 14-38-40.546.wmv_3421_0000_1040_0104_0069_0061.png,0
2015-11-30 14-38-40.546.wmv_3426_0000_1184_0040_0081_0082.png,0
2016-01-04 13-36-15.786.wmv_5090_0000_1086_0322_0040_0042.png,0
2016-01-04 13-36-15.786.wmv_5095_0000_1217_0300_0054_0057.png,0
2016-01-04 13-36-15.786.wmv_5502_0000_0773_0261_0076_0072.png,0
2016-01-04 13-36-15.786.wmv_5508_0000_1120_0100_0138_0131.png,0
697.png,0
698.png,0
699.png,0
700.png,0
701.png,0
702.png,0
703.png,0
704.png,0
705.png,0
706.png,0
707.png,0
708.png,0
709.png,0
710.png,0
711.png,0
712.png,0
713.png,0
714.png,0
715.png,0
716.png,0
717.png,0
718.png,0
84.png,0
85.png,0
86.png,0
87.png,0
88.png,0
885.png,0
886.png,0
887.png,0
888.png,0
889.png,0
89.png,0
890.png,0
891.png,0
892.png,0
893.png,0
894.png,0
895.png,0
896.png,0
897.png,0
898.png,0
899.png,0
90.png,0
900.png,0
901.png,0
902.png,0
903.png,0
904.png,0
905.png,0
906.png,0
907.png,0
908.png,0
909.png,0
91.png,0
910.png,0
911.png,0
912.png,0
913.png,0
914.png,0
915.png,0
916.png,0
917.png,0
918.png,0
919.png,0
92.png,0
920.png,0
921.png,0
922.png,0
923.png,0
924.png,0
925.png,0
926.png,0
927.png,0
928.png,0
929.png,0
93.png,0
930.png,0
931.png,0
932.png,0
933.png,0
934.png,0
935.png,0
936.png,0
937.png,0
938.png,0
939.png,0
94.png,0
940.png,0
941.png,0
942.png,0
943.png,0
944.png,0
945.png,0
946.png,0
947.png,0
948.png,0
949.png,0
95.png,0
950.png,0
951.png,0
952.png,0
953.png,0
954.png,0
955.png,0
956.png,0
957.png,0
958.png,0
959.png,0
96.png,0
960.png,0
961.png,0
962.png,0
963.png,0
964.png,0
965.png,0
966.png,0
967.png,0
968.png,0
969.png,0
970.png,0
971.png,0
972.png,0
973.png,0
974.png,0
975.png,0
976.png,0
977.png,0
978.png,0
979.png,0
980.png,0
981.png,0
982.png,0
983.png,0
984.png,0
985.png,0
986.png,0
987.png,0
988.png,0
989.png,0
990.png,0
991.png,0
992.png,0
993.png,0
10.png,1
100.png,1
1000.png,1
1001.png,1
1002.png,1
1003.png,1
1004.png,1
1005.png,1
1006.png,1
1007.png,1
1008.png,1
1009.png,1
101.png,1
1010.png,1
1011.png,1
1012.png,1
1013.png,1
1014.png,1
1015.png,1
1016.png,1
1017.png,1
1018.png,1
1019.png,1
102.png,1
1020.png,1
1021.png,1
1022.png,1
1023.png,1
1024.png,1
1025.png,1
1026.png,1
1027.png,1
1028.png,1
1029.png,1
103.png,1
1030.png,1
1031.png,1
1032.png,1
1033.png,1
1034.png,1
1035.png,1
1036.png,1
1037.png,1
1038.png,1
1039.png,1
104.png,1
1040.png,1
1041.png,1
1042.png,1
1043.png,1
1044.png,1
1045.png,1
1046.png,1
1047.png,1
1048.png,1
1049.png,1
105.png,1
1050.png,1
1051.png,1
1052.png,1
1053.png,1
1054.png,1
1055.png,1
1056.png,1
1057.png,1
1058.png,1
1059.png,1
106.png,1
1060.png,1
1061.png,1
1062.png,1
1063.png,1
1064.png,1
1065.png,1
1066.png,1
1067.png,1
107.png,1
1076.png,1
1077.png,1
1078.png,1
1079.png,1
108.png,1
1080.png,1
1081.png,1
1082.png,1
1083.png,1
1084.png,1
1085.png,1
1086.png,1
1087.png,1
1088.png,1
1089.png,1
109.png,1
1090.png,1
1091.png,1
1092.png,1
1093.png,1
1094.png,1
1095.png,1
1096.png,1
1097.png,1
1098.png,1
1099.png,1
11.png,1
110.png,1
1100.png,1
1101.png,1
1102.png,1
1103.png,1
1104.png,1
1105.png,1
1106.png,1
1107.png,1
1108.png,1
1109.png,1
111.png,1
1110.png,1
1111.png,1
1112.png,1
1113.png,1
1114.png,1
1115.png,1
1116.png,1
1117.png,1
1118.png,1
1119.png,1
112.png,1
1120.png,1
1121.png,1
1122.png,1
1123.png,1
1124.png,1
1125.png,1
1126.png,1
1127.png,1
1128.png,1
1129.png,1
113.png,1
114.png,1
115.png,1
116.png,1
1168.png,1
1169.png,1
117.png,1
1170.png,1
1171.png,1
1172.png,1
1173.png,1
1174.png,1
1175.png,1
1176.png,1
1177.png,1
1178.png,1
1179.png,1
118.png,1
1180.png,1
1181.png,1
1182.png,1
1183.png,1
1184.png,1
1185.png,1
1186.png,1
1187.png,1
1188.png,1
1189.png,1
119.png,1
1190.png,1
1191.png,1
1192.png,1
1193.png,1
1194.png,1
1195.png,1
1196.png,1
1197.png,1
1198.png,1
1199.png,1
12.png,1
120.png,1
1200.png,1
1201.png,1
1202.png,1
1203.png,1
1204.png,1
1205.png,1
1206.png,1
1207.png,1
1208.png,1
1209.png,1
121.png,1
1210.png,1
1211.png,1
1212.png,1
1213.png,1
1214.png,1
1215.png,1
1216.png,1
1217.png,1
1218.png,1
1219.png,1
122.png,1
1220.png,1
1221.png,1
1222.png,1
1223.png,1
1224.png,1
1225.png,1
1226.png,1
1227.png,1
1228.png,1
1229.png,1
123.png,1
1230.png,1
1231.png,1
1232.png,1
1233.png,1
1234.png,1
1235.png,1
1236.png,1
1237.png,1
1238.png,1
1239.png,1
124.png,1
1240.png,1
1241.png,1
1242.png,1
1243.png,1
1244.png,1
1245.png,1
1246.png,1
1247.png,1
1248.png,1
1249.png,1
125.png,1
1250.png,1
1251.png,1
1252.png,1
126.png,1
127.png,1
128.png,1
1284.png,1
1285.png,1
1286.png,1
1287.png,1
1288.png,1
1289.png,1
129.png,1
1290.png,1
1291.png,1
1292.png,1
1293.png,1
1294.png,1
1295.png,1
1296.png,1
1297.png,1
1298.png,1
1299.png,1
13.png,1
130.png,1
1300.png,1
1301.png,1
1302.png,1
1303.png,1
1304.png,1
1305.png,1
1306.png,1
1307.png,1
1308.png,1
1309.png,1
131.png,1
1310.png,1
1311.png,1
1312.png,1
1313.png,1
1314.png,1
132.png,1
133.png,1
134.png,1
135.png,1
136.png,1
137.png,1
138.png,1
139.png,1
14.png,1
140.png,1
141.png,1
142.png,1
143.png,1
144.png,1
145.png,1
146.png,1
147.png,1
148.png,1
149.png,1
15.png,1
150.png,1
151.png,1
152.png,1
153.png,1
154.png,1
155.png,1
156.png,1
157.png,1
158.png,1
159.png,1
16.png,1
160.png,1
161.png,1
162.png,1
163.png,1
164.png,1
165.png,1
166.png,1
167.png,1
168.png,1
169.png,1
17.png,1
170.png,1
171.png,1
172.png,1
173.png,1
174.png,1
175.png,1
176.png,1
177.png,1
178.png,1
179.png,1
18.png,1
180.png,1
181.png,1
182.png,1
183.png,1
184.png,1
185.png,1
186.png,1
187.png,1
188.png,1
189.png,1
19.png,1
190.png,1
191.png,1
192.png,1
193.png,1
194.png,1
195.png,1
196.png,1
197.png,1
198.png,1
199.png,1
2.png,1
20.png,1
200.png,1
201.png,1
2015-11-26 14-30-26.693.wmv_4343_0000_0263_0323_0045_0048.png,1
2015-11-26 14-30-26.693.wmv_4352_0000_0004_0337_0071_0076.png,1
2015-11-27 13-08-13.624.wmv_0803_0000_1032_0064_0044_0048.png,1
2015-11-27 13-08-13.624.wmv_0817_0000_1199_0020_0073_0077.png,1
2015-11-30 14-38-40.546.wmv_1156_0000_0878_0070_0195_0175.png,1
2015-11-30 14-38-40.546.wmv_1160_0000_0994_0011_0230_0222.png,1
2015-11-30 14-38-40.546.wmv_2640_0000_0001_0300_0083_0081.png,1
2015-11-30 14-38-40.546.wmv_3175_0000_1099_0112_0072_0074.png,1
2015-11-30 14-38-40.546.wmv_3181_0000_1156_0088_0090_0097.png,1
2015-11-30 14-38-40.546.wmv_3187_0000_1174_0053_0105_0107.png,1
2015-11-30 14-38-40.546.wmv_5187_0000_0910_0102_0092_0108.png,1
2015-11-30 14-38-40.546.wmv_5195_0000_1037_0004_0126_0145.png,1
2015-11-30 14-38-40.546.wmv_7514_0000_0999_0067_0088_0082.png,1
2015-11-30 14-38-40.546.wmv_7522_0000_1131_0003_0095_0090.png,1
2016-01-04 13-36-15.786.wmv_3352_0000_1158_0259_0115_0110.png,1
2016-01-04 13-36-15.786.wmv_3354_0000_1149_0251_0125_0120.png,1
2016-01-04 13-46-03.101.wmv_5111_0000_0736_0439_0047_0047.png,1
2016-01-04 13-46-03.101.wmv_5117_0000_0933_0463_0109_0105.png,1
202.png,1
203.png,1
204.png,1
205.png,1
206.png,1
207.png,1
208.png,1
209.png,1
21.png,1
210.png,1
211.png,1
212.png,1
213.png,1
214.png,1
215.png,1
216.png,1
217.png,1
218.png,1
219.png,1
22.png,1
220.png,1
221.png,1
222.png,1
223.png,1
224.png,1
225.png,1
226.png,1
227.png,1
228.png,1
229.png,1
23.png,1
230.png,1
231.png,1
232.png,1
233.png,1
234.png,1
235.png,1
236.png,1
237.png,1
238.png,1
239.png,1
24.png,1
240.png,1
241.png,1
242.png,1
243.png,1
244.png,1
245.png,1
246.png,1
247.png,1
248.png,1
249.png,1
25.png,1
252.png,1
253.png,1
254.png,1
255.png,1
256.png,1
257.png,1
258.png,1
259.png,1
26.png,1
260.png,1
261.png,1
262.png,1
263.png,1
264.png,1
265.png,1
266.png,1
267.png,1
268.png,1
269.png,1
27.png,1
270.png,1
271.png,1
272.png,1
273.png,1
274.png,1
275.png,1
276.png,1
277.png,1
278.png,1
279.png,1
28.png,1
280.png,1
281.png,1
282.png,1
283.png,1
284.png,1
285.png,1
286.png,1
287.png,1
288.png,1
289.png,1
29.png,1
290.png,1
291.png,1
292.png,1
293.png,1
294.png,1
295.png,1
296.png,1
297.png,1
298.png,1
299.png,1
3.png,1
30.png,1
300.png,1
301.png,1
302.png,1
303.png,1
304.png,1
305.png,1
306.png,1
307.png,1
308.png,1
309.png,1
31.png,1
310.png,1
311.png,1
312.png,1
313.png,1
314.png,1
315.png,1
316.png,1
317.png,1
318.png,1
319.png,1
32.png,1
320.png,1
321.png,1
322.png,1
323.png,1
324.png,1
325.png,1
326.png,1
327.png,1
328.png,1
329.png,1
33.png,1
330.png,1
331.png,1
332.png,1
333.png,1
334.png,1
335.png,1
336.png,1
337.png,1
338.png,1
339.png,1
34.png,1
340.png,1
341.png,1
342.png,1
343.png,1
344.png,1
345.png,1
346.png,1
347.png,1
348.png,1
349.png,1
35.png,1
350.png,1
351.png,1
352.png,1
353.png,1
354.png,1
355.png,1
356.png,1
357.png,1
358.png,1
359.png,1
36.png,1
360.png,1
361.png,1
362.png,1
363.png,1
364.png,1
365.png,1
366.png,1
367.png,1
368.png,1
369.png,1
37.png,1
370.png,1
371.png,1
372.png,1
373.png,1
374.png,1
375.png,1
376.png,1
377.png,1
378.png,1
379.png,1
38.png,1
380.png,1
381.png,1
382.png,1
383.png,1
384.png,1
385.png,1
386.png,1
387.png,1
388.png,1
389.png,1
39.png,1
390.png,1
391.png,1
392.png,1
393.png,1
394.png,1
395.png,1
396.png,1
397.png,1
398.png,1
399.png,1
4.png,1
40.png,1
400.png,1
401.png,1
402.png,1
403.png,1
404.png,1
405.png,1
406.png,1
407.png,1
408.png,1
409.png,1
41.png,1
410.png,1
411.png,1
412.png,1
413.png,1
414.png,1
415.png,1
416.png,1
417.png,1
418.png,1
419.png,1
42.png,1
420.png,1
421.png,1
422.png,1
423.png,1
424.png,1
425.png,1
426.png,1
427.png,1
428.png,1
429.png,1
43.png,1
430.png,1
431.png,1
432.png,1
433.png,1
434.png,1
435.png,1
436.png,1
437.png,1
438.png,1
439.png,1
44.png,1
440.png,1
45.png,1
46.png,1
47.png,1
48.png,1
49.png,1
497.png,1
498.png,1
5.png,1
50.png,1
51.png,1
52.png,1
53.png,1
54.png,1
55.png,1
56.png,1
57.png,1
58.png,1
59.png,1
6.png,1
60.png,1
61.png,1
62.png,1
63.png,1
64.png,1
65.png,1
66.png,1
67.png,1
68.png,1
69.png,1
7.png,1
70.png,1
71.png,1
72.png,1
73.png,1
739.png,1
74.png,1
740.png,1
741.png,1
742.png,1
743.png,1
744.png,1
745.png,1
746.png,1
747.png,1
748.png,1
749.png,1
75.png,1
750.png,1
751.png,1
752.png,1
753.png,1
754.png,1
755.png,1
756.png,1
757.png,1
758.png,1
759.png,1
76.png,1
760.png,1
761.png,1
762.png,1
763.png,1
764.png,1
765.png,1
766.png,1
767.png,1
768.png,1
769.png,1
77.png,1
770.png,1
771.png,1
772.png,1
773.png,1
774.png,1
775.png,1
776.png,1
777.png,1
778.png,1
779.png,1
78.png,1
780.png,1
781.png,1
782.png,1
783.png,1
784.png,1
785.png,1
786.png,1
787.png,1
788.png,1
789.png,1
79.png,1
790.png,1
791.png,1
792.png,1
793.png,1
794.png,1
795.png,1
796.png,1
797.png,1
798.png,1
799.png,1
8.png,1
80.png,1
800.png,1
801.png,1
802.png,1
803.png,1
804.png,1
805.png,1
806.png,1
807.png,1
808.png,1
809.png,1
81.png,1
810.png,1
811.png,1
812.png,1
813.png,1
814.png,1
815.png,1
816.png,1
817.png,1
818.png,1
819.png,1
82.png,1
820.png,1
821.png,1
822.png,1
823.png,1
824.png,1
825.png,1
826.png,1
827.png,1
828.png,1
829.png,1
83.png,1
830.png,1
831.png,1
832.png,1
833.png,1
834.png,1
835.png,1
836.png,1
837.png,1
838.png,1
839.png,1
840.png,1
841.png,1
842.png,1
843.png,1
844.png,1
845.png,1
846.png,1
847.png,1
848.png,1
849.png,1
850.png,1
851.png,1
852.png,1
853.png,1
854.png,1
855.png,1
856.png,1
857.png,1
858.png,1
859.png,1
860.png,1
861.png,1
862.png,1
863.png,1
864.png,1
865.png,1
866.png,1
867.png,1
868.png,1
869.png,1
870.png,1
871.png,1
872.png,1
873.png,1
874.png,1
875.png,1
876.png,1
877.png,1
878.png,1
879.png,1
880.png,1
881.png,1
882.png,1
883.png,1
884.png,1
9.png,1
97.png,1
98.png,1
99.png,1
994.png,1
995.png,1
996.png,1
997.png,1
998.png,1
999.png,1
1068.png,2
1069.png,2
1070.png,2
1071.png,2
1072.png,2
1073.png,2
1074.png,2
1075.png,2
1130.png,2
1131.png,2
1132.png,2
1133.png,2
1134.png,2
1135.png,2
1136.png,2
1137.png,2
1138.png,2
1139.png,2
1140.png,2
1141.png,2
1142.png,2
1143.png,2
1144.png,2
1145.png,2
1146.png,2
1147.png,2
1148.png,2
1149.png,2
1150.png,2
1151.png,2
1152.png,2
1153.png,2
1154.png,2
1155.png,2
1156.png,2
1157.png,2
1158.png,2
1159.png,2
1160.png,2
1161.png,2
1162.png,2
1163.png,2
1164.png,2
1165.png,2
1166.png,2
1167.png,2
2015-11-26 12-15-22.148.wmv_2484_0000_0687_0335_0058_0057.png,2
2015-11-26 12-15-22.148.wmv_2486_0000_0718_0320_0066_0065.png,2
2015-11-26 12-15-22.148.wmv_2493_0000_1003_0215_0144_0133.png,2
2015-11-26 12-15-22.148.wmv_3209_0000_0681_0329_0068_0063.png,2
2015-11-26 12-15-22.148.wmv_3216_0000_0962_0260_0179_0150.png,2
2015-11-26 14-30-26.693.wmv_4392_0000_0901_0169_0088_0089.png,2
2015-11-26 14-30-26.693.wmv_4393_0000_0902_0142_0105_0111.png,2
2015-11-26 14-30-26.693.wmv_4398_0000_1087_0021_0175_0185.png,2
2015-11-26 14-30-26.693.wmv_6544_0000_0890_0229_0086_0080.png,2
2015-11-26 14-30-26.693.wmv_6550_0000_1061_0146_0154_0152.png,2
2015-11-30 14-54-11.067.wmv_0941_0000_0975_0132_0174_0157.png,2
2015-11-30 14-54-11.067.wmv_0946_0000_1031_0068_0234_0228.png,2
2015-11-30 14-54-11.067.wmv_7068_0000_0919_0230_0076_0075.png,2
2015-11-30 14-54-11.067.wmv_7071_0000_1084_0191_0111_0110.png,2
2015-11-30 14-54-11.067.wmv_8209_0000_0756_0241_0055_0055.png,2
2015-11-30 14-54-11.067.wmv_8216_0000_0973_0178_0133_0136.png,2
2015-11-30 14-54-11.067.wmv_8504_0000_0811_0204_0055_0056.png,2
2015-11-30 14-54-11.067.wmv_8510_0000_1104_0065_0135_0138.png,2
2016-01-04 13-27-08.124.wmv_0226_0000_1167_0167_0099_0109.png,2
2016-01-04 13-27-08.124.wmv_0236_0000_1002_-001_0204_0196.png,2
2016-01-04 13-27-08.124.wmv_2942_0000_0720_0331_0056_0056.png,2
2016-01-04 13-27-08.124.wmv_2949_0000_0939_0214_0164_0162.png,2
2016-01-04 13-27-08.124.wmv_3113_0000_0727_0306_0051_0050.png,2
2016-01-04 13-27-08.124.wmv_3118_0000_0851_0241_0085_0081.png,2
2016-01-04 13-27-08.124.wmv_4015_0000_0799_0319_0065_0064.png,2
2016-01-04 13-27-08.124.wmv_4020_0000_1042_0219_0161_0156.png,2
2016-01-04 13-27-08.124.wmv_4460_0000_0735_0344_0054_0054.png,2
2016-01-04 13-27-08.124.wmv_4468_0000_1072_0202_0203_0205.png,2
2016-01-04 13-27-08.124.wmv_4609_0000_0706_0317_0054_0054.png,2
2016-01-04 13-27-08.124.wmv_4616_0000_0940_0114_0204_0194.png,2
2016-01-04 13-46-03.101.wmv_5427_0000_0679_0395_0047_0044.png,2
2016-01-04 13-46-03.101.wmv_5435_0000_0963_0251_0220_0214.png,2
441.png,2
442.png,2
443.png,2
444.png,2
445.png,2
446.png,2
447.png,2
448.png,2
449.png,2
450.png,2
451.png,2
452.png,2
453.png,2
454.png,2
455.png,2
456.png,2
457.png,2
458.png,2
459.png,2
460.png,2
461.png,2
462.png,2
463.png,2
464.png,2
465.png,2
466.png,2
467.png,2
468.png,2
469.png,2
470.png,2
471.png,2
472.png,2
473.png,2
474.png,2
475.png,2
476.png,2
477.png,2
478.png,2
479.png,2
480.png,2
481.png,2
482.png,2
483.png,2
484.png,2
485.png,2
486.png,2
487.png,2
488.png,2
489.png,2
490.png,2
491.png,2
492.png,2
493.png,2
494.png,2
495.png,2
496.png,2
499.png,2
500.png,2
501.png,2
502.png,2
503.png,2
504.png,2
505.png,2
506.png,2
507.png,2
508.png,2
509.png,2
510.png,2
511.png,2
512.png,2
513.png,2
514.png,2
515.png,2
516.png,2
517.png,2
518.png,2
519.png,2
520.png,2
521.png,2
522.png,2
523.png,2
524.png,2
525.png,2
526.png,2
527.png,2
528.png,2
529.png,2
530.png,2
531.png,2
532.png,2
533.png,2
534.png,2
535.png,2
536.png,2
537.png,2
538.png,2
539.png,2
540.png,2
541.png,2
542.png,2
543.png,2
544.png,2
545.png,2
546.png,2
547.png,2
548.png,2
549.png,2
550.png,2
551.png,2
552.png,2
553.png,2
554.png,2
555.png,2
556.png,2
557.png,2
558.png,2
559.png,2
560.png,2
561.png,2
562.png,2
563.png,2
564.png,2
565.png,2
566.png,2
567.png,2
568.png,2
569.png,2
570.png,2
571.png,2
572.png,2
573.png,2
574.png,2
575.png,2
576.png,2
577.png,2
578.png,2
579.png,2
580.png,2
581.png,2
582.png,2
583.png,2
584.png,2
585.png,2
586.png,2
587.png,2
588.png,2
589.png,2
590.png,2
591.png,2
592.png,2
593.png,2
594.png,2
595.png,2
596.png,2
597.png,2
598.png,2
599.png,2
600.png,2
601.png,2
602.png,2
603.png,2
604.png,2
605.png,2
606.png,2
607.png,2
608.png,2
609.png,2
610.png,2
611.png,2
612.png,2
613.png,2
614.png,2
615.png,2
616.png,2
617.png,2
618.png,2
619.png,2
620.png,2
621.png,2
622.png,2
623.png,2
624.png,2
625.png,2
626.png,2
627.png,2
628.png,2
629.png,2
630.png,2
631.png,2
632.png,2
633.png,2
634.png,2
635.png,2
636.png,2
637.png,2
638.png,2
639.png,2
640.png,2
641.png,2
642.png,2
643.png,2
644.png,2
645.png,2
646.png,2
647.png,2
648.png,2
649.png,2
650.png,2
651.png,2
652.png,2
653.png,2
654.png,2
655.png,2
656.png,2
657.png,2
658.png,2
659.png,2
660.png,2
661.png,2
662.png,2
663.png,2
664.png,2
665.png,2
666.png,2
667.png,2
668.png,2
669.png,2
670.png,2
671.png,2
672.png,2
673.png,2
674.png,2
675.png,2
676.png,2
677.png,2
678.png,2
679.png,2
680.png,2
681.png,2
682.png,2
683.png,2
684.png,2
685.png,2
686.png,2
687.png,2
688.png,2
689.png,2
690.png,2
691.png,2
692.png,2
693.png,2
694.png,2
695.png,2
696.png,2
719.png,2
720.png,2
721.png,2
722.png,2
723.png,2
724.png,2
725.png,2
726.png,2
727.png,2
728.png,2
729.png,2
730.png,2
731.png,2
732.png,2
733.png,2
734.png,2
735.png,2
736.png,2
737.png,2
738.png,2
