epoch,time,train/box_loss,train/cls_loss,train/dfl_loss,metrics/precision(B),metrics/recall(B),metrics/mAP50(B),metrics/mAP50-95(B),val/box_loss,val/cls_loss,val/dfl_loss,lr/pg0,lr/pg1,lr/pg2
1,2.26462,2.397,4.14994,1.48502,0.00597,0.83495,0.00892,0.00358,1.41408,3.55726,0.97944,0.00024,0.00024,0.00024
2,3.92724,1.57697,2.29028,1.10917,0.00542,0.75728,0.00796,0.00329,1.25401,3.54562,0.97428,0.000497525,0.000497525,0.000497525
3,5.54684,1.45378,1.76171,1.07985,0.00375,0.52427,0.00964,0.0047,1.29755,3.54393,1.0202,0.000752476,0.000752476,0.000752476
4,7.16845,1.40234,1.60963,1.07063,0.37188,0.04854,0.04934,0.03559,1.24704,3.44326,0.97354,0.00100485,0.00100485,0.00100485
5,8.77491,1.33705,1.39978,1.05911,0.00479,0.6699,0.03934,0.02557,1.29599,3.33127,1.012,0.00125466,0.00125466,0.00125466
6,10.3862,1.36372,1.43985,1.08175,0.70853,0.2233,0.36432,0.19114,1.38073,2.76234,1.04455,0.00150189,0.00150189,0.00150189
7,12.0012,1.31389,1.40574,1.04166,1,0.26965,0.64724,0.3852,1.36109,2.20443,1.05551,0.00174654,0.00174654,0.00174654
8,13.6843,1.32926,1.24663,1.05494,0.97028,0.31707,0.52564,0.31027,1.37458,2.33368,1.05625,0.0019307,0.0019307,0.0019307
9,15.253,1.35602,1.25317,1.04932,0.8901,0.60194,0.69847,0.43741,1.32964,1.29871,1.07434,0.0019208,0.0019208,0.0019208
10,16.8529,1.32041,1.19252,1.0394,0.92658,0.61261,0.70042,0.43553,1.34664,1.54936,1.0512,0.0019109,0.0019109,0.0019109
11,18.4437,1.25404,1.0413,1.01902,0.79257,0.73786,0.804,0.50104,1.27542,1.03415,1.04742,0.001901,0.001901,0.001901
12,20.0588,1.24589,1.02477,1.03495,0.80309,0.67318,0.7914,0.48203,1.25229,1.02472,1.00417,0.0018911,0.0018911,0.0018911
13,21.6269,1.20808,0.97168,1.00376,0.86569,0.68836,0.83261,0.48218,1.24196,0.96353,1.02422,0.0018812,0.0018812,0.0018812
14,23.2174,1.25706,1.00492,1.04509,0.88431,0.74211,0.83509,0.5095,1.23081,0.95767,1.01944,0.0018713,0.0018713,0.0018713
15,24.8682,1.20131,0.95994,1.00339,0.83917,0.65855,0.75723,0.44527,1.31314,1.34649,1.0282,0.0018614,0.0018614,0.0018614
16,26.4824,1.22931,0.94048,0.99095,0.77925,0.75401,0.8462,0.49559,1.3366,0.94632,1.03343,0.0018515,0.0018515,0.0018515
17,28.1056,1.20236,0.92024,1.02214,0.86803,0.81553,0.88453,0.5345,1.17457,0.82995,0.9916,0.0018416,0.0018416,0.0018416
18,29.7267,1.17983,0.84549,0.98905,0.87492,0.7767,0.85618,0.51913,1.2152,0.85272,0.99911,0.0018317,0.0018317,0.0018317
19,31.3597,1.19955,0.86404,1.00516,0.792,0.73936,0.80817,0.4872,1.30613,0.98657,1.02228,0.0018218,0.0018218,0.0018218
20,32.9437,1.17193,0.8208,1.00525,0.82434,0.75728,0.81425,0.51048,1.26324,0.96597,0.99616,0.0018119,0.0018119,0.0018119
21,34.5144,1.17616,0.81442,1.00635,0.92738,0.66019,0.77227,0.49417,1.26403,0.86773,1.03156,0.001802,0.001802,0.001802
22,36.0785,1.11739,0.77898,0.98347,0.85269,0.73062,0.83079,0.5147,1.20987,0.8418,0.992,0.0017921,0.0017921,0.0017921
23,37.6494,1.14032,0.79584,0.97448,0.87643,0.75728,0.86845,0.53656,1.2397,0.9228,0.97953,0.0017822,0.0017822,0.0017822
24,39.2676,1.10221,0.76929,0.95627,0.83,0.80584,0.84922,0.52691,1.20188,0.8709,0.98381,0.0017723,0.0017723,0.0017723
25,40.944,1.13148,0.79985,0.97851,0.87157,0.72477,0.82583,0.5126,1.25195,0.82315,1.01158,0.0017624,0.0017624,0.0017624
26,42.5121,1.15683,0.78702,1.01306,0.83126,0.74757,0.83236,0.5084,1.26428,0.84995,1.03426,0.0017525,0.0017525,0.0017525
27,44.078,1.14456,0.74943,0.96347,0.7882,0.69903,0.78159,0.49135,1.26409,1.01989,1.00782,0.0017426,0.0017426,0.0017426
28,45.6708,1.17339,0.76319,0.99426,0.92525,0.60085,0.75096,0.44417,1.35002,1.01233,1.06933,0.0017327,0.0017327,0.0017327
29,47.2265,1.12426,0.72893,0.97816,0.88903,0.77779,0.85167,0.51941,1.2695,0.79782,1.02308,0.0017228,0.0017228,0.0017228
30,48.7918,1.05983,0.68881,0.96063,0.8296,0.80358,0.85882,0.52971,1.23939,0.81682,1.0312,0.0017129,0.0017129,0.0017129
31,50.3644,1.09453,0.70664,0.97264,0.8463,0.69903,0.80366,0.50214,1.19495,0.88121,0.99243,0.001703,0.001703,0.001703
32,51.9425,1.09276,0.67334,0.96581,0.91662,0.7471,0.82573,0.4723,1.28749,0.86756,0.99252,0.0016931,0.0016931,0.0016931
33,53.503,1.12611,0.7246,0.97142,0.93171,0.79475,0.86631,0.52067,1.19339,0.77937,0.97617,0.0016832,0.0016832,0.0016832
34,55.0628,1.06979,0.66237,0.955,0.88518,0.7485,0.84227,0.54172,1.2209,0.76671,0.9791,0.0016733,0.0016733,0.0016733
35,56.6511,1.04951,0.65148,0.95015,0.87575,0.68431,0.80414,0.51601,1.21213,0.90054,0.98686,0.0016634,0.0016634,0.0016634
36,58.2316,1.00715,0.64075,0.94236,0.80564,0.72442,0.84198,0.52938,1.22861,0.90194,1.00791,0.0016535,0.0016535,0.0016535
37,59.815,1.0367,0.66065,0.95786,0.8,0.75728,0.83408,0.51264,1.21321,0.78537,0.99155,0.0016436,0.0016436,0.0016436
38,61.3852,1.02334,0.65959,0.94167,0.85522,0.76699,0.85389,0.54311,1.16001,0.77784,0.98458,0.0016337,0.0016337,0.0016337
39,62.9733,1.04823,0.6694,0.93759,0.77781,0.81567,0.84475,0.54318,1.16588,0.73655,0.9949,0.0016238,0.0016238,0.0016238
40,64.5886,1.02023,0.62507,0.93243,0.88856,0.77417,0.82929,0.5091,1.24442,0.76964,1.008,0.0016139,0.0016139,0.0016139
41,66.1684,1.04631,0.64438,0.93993,0.83535,0.73887,0.84033,0.49229,1.34042,0.8184,1.07487,0.001604,0.001604,0.001604
42,67.824,1.06589,0.6514,0.94026,0.84584,0.7767,0.86439,0.5603,1.16649,0.73339,0.99416,0.0015941,0.0015941,0.0015941
43,69.4217,1.02527,0.63376,0.94909,0.80139,0.82268,0.85854,0.54149,1.23388,0.76602,1.01269,0.0015842,0.0015842,0.0015842
44,71.0005,0.97526,0.60372,0.95541,0.81202,0.71297,0.81395,0.49598,1.28645,0.86776,1.03585,0.0015743,0.0015743,0.0015743
45,72.5729,1.01441,0.59339,0.95068,0.79979,0.81553,0.85114,0.52579,1.20284,0.91461,0.99983,0.0015644,0.0015644,0.0015644
46,74.1226,1.02847,0.62936,0.96583,0.75768,0.86408,0.85695,0.54762,1.11661,0.78801,0.96483,0.0015545,0.0015545,0.0015545
47,75.6969,1.01281,0.61378,0.93303,0.80832,0.79612,0.87086,0.56564,1.12361,0.75996,0.97098,0.0015446,0.0015446,0.0015446
48,77.3077,1.00702,0.60613,0.94006,0.79211,0.81385,0.84382,0.55451,1.11143,0.68855,0.95862,0.0015347,0.0015347,0.0015347
49,78.8769,1.06451,0.61404,0.94267,0.83476,0.83495,0.85149,0.53229,1.17384,0.72746,0.95921,0.0015248,0.0015248,0.0015248
50,80.4466,1.00504,0.60645,0.94044,0.8061,0.80723,0.86897,0.58052,1.10949,0.71399,0.9545,0.0015149,0.0015149,0.0015149
51,82.0242,0.98512,0.58783,0.94331,0.92415,0.67961,0.81667,0.50834,1.24281,0.88705,0.99554,0.001505,0.001505,0.001505
52,83.6187,0.97797,0.57002,0.91867,0.95791,0.66019,0.81378,0.52494,1.20092,0.81523,0.99284,0.0014951,0.0014951,0.0014951
53,85.2013,0.94403,0.56416,0.92487,0.96501,0.69903,0.81488,0.50729,1.29325,0.89105,1.02313,0.0014852,0.0014852,0.0014852
54,86.839,0.9193,0.55847,0.91364,0.89891,0.777,0.85934,0.53745,1.20989,0.75589,0.99186,0.0014753,0.0014753,0.0014753
55,88.5326,0.94162,0.57408,0.91348,0.85022,0.82524,0.87544,0.54436,1.25179,0.72077,0.98811,0.0014654,0.0014654,0.0014654
56,90.3553,0.90511,0.53902,0.90912,0.8952,0.74757,0.84478,0.52092,1.21416,0.75959,0.98446,0.0014555,0.0014555,0.0014555
57,92.0609,0.95099,0.55542,0.91289,0.88949,0.78641,0.85486,0.52861,1.2013,0.74635,0.97434,0.0014456,0.0014456,0.0014456
58,93.7548,0.94639,0.56173,0.90636,0.87894,0.77541,0.84299,0.5587,1.1521,0.74517,0.97461,0.0014357,0.0014357,0.0014357
59,95.4634,0.97178,0.57614,0.93325,0.88065,0.78807,0.8672,0.56607,1.18047,0.71754,0.97219,0.0014258,0.0014258,0.0014258
60,97.0575,0.94625,0.54037,0.90682,0.90726,0.81553,0.85748,0.54119,1.20837,0.8007,1.00067,0.0014159,0.0014159,0.0014159
61,98.7583,0.91111,0.55332,0.90001,0.87055,0.82524,0.85818,0.55011,1.21582,0.7877,1.00201,0.001406,0.001406,0.001406
62,100.455,0.93409,0.53611,0.92182,0.93821,0.7371,0.83996,0.53695,1.23997,0.77911,0.97905,0.0013961,0.0013961,0.0013961
63,102.147,0.94635,0.53789,0.91259,0.9242,0.74757,0.85073,0.52324,1.27578,0.80802,1.05359,0.0013862,0.0013862,0.0013862
64,103.859,0.98419,0.56625,0.91868,0.83742,0.80015,0.86178,0.54548,1.21424,0.70173,1.00092,0.0013763,0.0013763,0.0013763
65,105.447,0.94508,0.53891,0.91597,0.8977,0.79612,0.87625,0.56041,1.2069,0.69585,0.98274,0.0013664,0.0013664,0.0013664
66,106.991,0.99722,0.56829,0.9216,0.84646,0.80291,0.85365,0.52585,1.20462,0.74169,0.99236,0.0013565,0.0013565,0.0013565
67,108.537,0.92571,0.53942,0.91176,0.79833,0.81553,0.84798,0.55967,1.18157,0.74724,0.97911,0.0013466,0.0013466,0.0013466
68,110.085,0.94218,0.53731,0.92648,0.85759,0.73786,0.79928,0.50501,1.25009,0.80117,1.02049,0.0013367,0.0013367,0.0013367
69,111.63,0.87811,0.51205,0.9109,0.89557,0.74934,0.83204,0.52025,1.25738,0.78139,1.01114,0.0013268,0.0013268,0.0013268
70,113.179,0.9296,0.5518,0.89987,0.8101,0.81553,0.86396,0.55017,1.13203,0.69109,0.96474,0.0013169,0.0013169,0.0013169
71,114.831,0.88959,0.53929,0.90519,0.85293,0.76699,0.86997,0.56589,1.17229,0.72019,0.98823,0.001307,0.001307,0.001307
72,116.376,0.85607,0.51109,0.88848,0.81548,0.77234,0.8608,0.55321,1.17056,0.74833,0.99033,0.0012971,0.0012971,0.0012971
73,117.918,0.85504,0.51069,0.88722,0.86388,0.73938,0.82412,0.5476,1.19117,0.83916,0.98222,0.0012872,0.0012872,0.0012872
74,119.462,0.89782,0.5278,0.91079,0.91765,0.72816,0.84302,0.53021,1.19899,0.8486,0.97747,0.0012773,0.0012773,0.0012773
75,120.999,0.86974,0.52379,0.89658,0.89314,0.78641,0.86698,0.55293,1.19879,0.74129,0.99239,0.0012674,0.0012674,0.0012674
76,122.549,0.85202,0.52124,0.8937,0.83125,0.81305,0.87837,0.5654,1.17592,0.69804,0.97704,0.0012575,0.0012575,0.0012575
77,124.09,0.89327,0.52553,0.9094,0.78801,0.83495,0.85987,0.53173,1.24511,0.79976,0.98227,0.0012476,0.0012476,0.0012476
78,125.63,0.88346,0.51368,0.88699,0.76658,0.86408,0.86066,0.53371,1.25413,0.81456,0.9838,0.0012377,0.0012377,0.0012377
79,127.164,0.87056,0.52385,0.8914,0.84467,0.74757,0.87476,0.54882,1.23028,0.77069,0.98749,0.0012278,0.0012278,0.0012278
80,128.713,0.85404,0.52098,0.88886,0.83507,0.73786,0.8345,0.51194,1.23804,0.85934,0.98517,0.0012179,0.0012179,0.0012179
81,130.26,0.83832,0.49942,0.87627,0.89513,0.69903,0.79559,0.50094,1.22244,0.98679,0.98786,0.001208,0.001208,0.001208
82,131.796,0.87946,0.50639,0.90208,0.78199,0.76699,0.81784,0.53319,1.14942,0.82792,0.96306,0.0011981,0.0011981,0.0011981
83,133.336,0.85026,0.49348,0.88354,0.922,0.68858,0.81155,0.54454,1.12464,0.84224,0.9614,0.0011882,0.0011882,0.0011882
84,134.888,0.85037,0.50683,0.89539,0.86021,0.77665,0.88816,0.58644,1.13103,0.70333,0.96307,0.0011783,0.0011783,0.0011783
85,136.473,0.87219,0.50661,0.87621,0.89026,0.78764,0.9064,0.60169,1.10101,0.64773,0.95384,0.0011684,0.0011684,0.0011684
86,138.128,0.84894,0.48097,0.8873,0.88306,0.78641,0.90024,0.58763,1.1901,0.66561,0.96931,0.0011585,0.0011585,0.0011585
87,139.673,0.8672,0.52337,0.89252,0.90635,0.78641,0.89743,0.58955,1.15276,0.67235,0.96034,0.0011486,0.0011486,0.0011486
88,141.229,0.8002,0.45603,0.88962,0.87063,0.78407,0.88022,0.58526,1.196,0.66338,0.97564,0.0011387,0.0011387,0.0011387
89,142.777,0.86581,0.49532,0.89638,0.80847,0.81964,0.87901,0.57017,1.17041,0.6954,0.96907,0.0011288,0.0011288,0.0011288
90,144.314,0.83056,0.49144,0.88081,0.85468,0.81553,0.88395,0.54227,1.24239,0.72159,0.97917,0.0011189,0.0011189,0.0011189
91,145.866,0.86455,0.48979,0.88578,0.87189,0.81553,0.86683,0.54641,1.19051,0.70578,0.97782,0.001109,0.001109,0.001109
92,147.411,0.85639,0.49888,0.88635,0.85437,0.80583,0.86488,0.55799,1.20234,0.71729,0.97444,0.0010991,0.0010991,0.0010991
93,148.948,0.87125,0.48653,0.87919,0.91968,0.74757,0.85724,0.52499,1.23829,0.73311,1.0087,0.0010892,0.0010892,0.0010892
94,150.491,0.79704,0.47811,0.86284,0.86825,0.78641,0.88206,0.56122,1.17904,0.73438,0.96527,0.0010793,0.0010793,0.0010793
95,152.034,0.81169,0.47005,0.90277,0.88658,0.7767,0.88491,0.54947,1.23008,0.73187,0.99702,0.0010694,0.0010694,0.0010694
96,153.576,0.80757,0.47776,0.87646,0.90836,0.76995,0.88378,0.55305,1.18019,0.66998,0.98273,0.0010595,0.0010595,0.0010595
97,155.124,0.78095,0.46103,0.87118,0.88806,0.7767,0.8806,0.5557,1.20702,0.71181,0.97342,0.0010496,0.0010496,0.0010496
98,156.673,0.79997,0.475,0.88553,0.91451,0.72816,0.86728,0.56429,1.1667,0.6869,0.95995,0.0010397,0.0010397,0.0010397
99,158.212,0.77428,0.45295,0.87944,0.91951,0.69903,0.82885,0.53107,1.19425,0.77246,0.9673,0.0010298,0.0010298,0.0010298
100,159.758,0.79894,0.47673,0.88173,0.79467,0.7767,0.82593,0.53953,1.17985,0.74838,0.9735,0.0010199,0.0010199,0.0010199
101,161.388,0.75479,0.46499,0.85986,0.89895,0.68932,0.81427,0.50671,1.25126,0.85435,1.01644,0.00101,0.00101,0.00101
102,162.934,0.78966,0.47233,0.88004,0.85526,0.72816,0.85646,0.52564,1.25823,0.75026,1.02709,0.0010001,0.0010001,0.0010001
103,164.476,0.79182,0.47795,0.88716,0.85844,0.76538,0.88024,0.54532,1.21187,0.72139,1.00183,0.0009902,0.0009902,0.0009902
104,166.024,0.77733,0.45958,0.85883,0.91371,0.71967,0.82806,0.52981,1.20802,0.74521,0.98626,0.0009803,0.0009803,0.0009803
105,167.557,0.7772,0.452,0.8671,0.92767,0.69903,0.83984,0.53499,1.21139,0.74245,0.99782,0.0009704,0.0009704,0.0009704
106,169.099,0.76163,0.44474,0.8682,0.84295,0.7767,0.86568,0.54949,1.19055,0.7303,0.99514,0.0009605,0.0009605,0.0009605
107,170.647,0.75229,0.43683,0.87329,0.86665,0.7767,0.86237,0.55649,1.1906,0.71095,0.99214,0.0009506,0.0009506,0.0009506
108,172.197,0.74,0.42735,0.87449,0.90596,0.75728,0.87112,0.56827,1.18557,0.69257,0.97733,0.0009407,0.0009407,0.0009407
109,173.741,0.74875,0.44402,0.86702,0.90543,0.75728,0.88161,0.58693,1.17266,0.70796,0.96698,0.0009308,0.0009308,0.0009308
110,175.285,0.79214,0.46788,0.87548,0.89368,0.74757,0.86624,0.56956,1.19435,0.69824,0.98127,0.0009209,0.0009209,0.0009209
111,176.829,0.75498,0.45523,0.8659,0.88531,0.74949,0.86604,0.55511,1.23088,0.70302,0.985,0.000911,0.000911,0.000911
112,178.385,0.78774,0.45268,0.87485,0.86034,0.78641,0.86574,0.56165,1.24445,0.69713,0.99766,0.0009011,0.0009011,0.0009011
113,179.926,0.77337,0.46339,0.87462,0.83704,0.79612,0.87686,0.56504,1.22337,0.68139,0.98077,0.0008912,0.0008912,0.0008912
114,181.472,0.70859,0.42454,0.86213,0.83839,0.82524,0.86162,0.55614,1.22703,0.71883,0.98487,0.0008813,0.0008813,0.0008813
115,183.166,0.74269,0.44708,0.87376,0.83465,0.83312,0.87129,0.54974,1.27057,0.71172,0.99837,0.0008714,0.0008714,0.0008714
116,184.852,0.73241,0.43721,0.86728,0.87802,0.7767,0.86843,0.56229,1.20216,0.67851,0.98057,0.0008615,0.0008615,0.0008615
117,186.652,0.71678,0.4324,0.84798,0.88923,0.76699,0.87427,0.55426,1.23734,0.70465,0.99743,0.0008516,0.0008516,0.0008516
118,188.322,0.73597,0.45168,0.86175,0.87775,0.78641,0.86094,0.54233,1.20148,0.68503,0.98246,0.0008417,0.0008417,0.0008417
119,189.999,0.72466,0.42001,0.86062,0.89809,0.71845,0.84188,0.53563,1.23191,0.78255,0.998,0.0008318,0.0008318,0.0008318
120,191.63,0.74286,0.44014,0.85981,0.81608,0.79612,0.86701,0.55852,1.22919,0.6944,1.00384,0.0008219,0.0008219,0.0008219
121,193.165,0.7235,0.435,0.84977,0.93257,0.69903,0.86386,0.54853,1.27121,0.70506,1.01732,0.000812,0.000812,0.000812
122,194.705,0.71376,0.42365,0.83881,0.82649,0.76699,0.87137,0.55457,1.2554,0.70883,1.00692,0.0008021,0.0008021,0.0008021
123,196.259,0.72179,0.41298,0.84031,0.88115,0.7918,0.8865,0.55586,1.24833,0.68387,1.00104,0.0007922,0.0007922,0.0007922
124,197.81,0.69086,0.41737,0.85554,0.86691,0.75728,0.86223,0.54794,1.26384,0.74164,1.00373,0.0007823,0.0007823,0.0007823
125,199.347,0.70789,0.4241,0.85439,0.86352,0.79859,0.85818,0.5501,1.2683,0.75284,1.00295,0.0007724,0.0007724,0.0007724
126,200.88,0.69995,0.41855,0.85749,0.83796,0.7767,0.84216,0.5485,1.27034,0.72955,1.00926,0.0007625,0.0007625,0.0007625
127,202.413,0.72896,0.42509,0.85261,0.88741,0.71845,0.83219,0.53536,1.27365,0.78696,1.01965,0.0007526,0.0007526,0.0007526
128,203.962,0.75547,0.4439,0.84715,0.82239,0.75728,0.83394,0.5265,1.27199,0.7852,1.01443,0.0007427,0.0007427,0.0007427
129,205.494,0.68839,0.40699,0.83581,0.84153,0.75728,0.83813,0.54006,1.26651,0.76258,1.01532,0.0007328,0.0007328,0.0007328
130,207.031,0.68138,0.40598,0.84865,0.81687,0.81553,0.88874,0.58067,1.21516,0.68413,0.99109,0.0007229,0.0007229,0.0007229
131,208.576,0.70617,0.41001,0.85431,0.7937,0.82177,0.88422,0.57764,1.21115,0.66204,0.98619,0.000713,0.000713,0.000713
132,210.22,0.70339,0.42076,0.85803,0.87238,0.73786,0.8561,0.55338,1.21497,0.71883,0.98834,0.0007031,0.0007031,0.0007031
133,211.763,0.69744,0.42064,0.85373,0.87937,0.71845,0.83928,0.55146,1.23729,0.71527,0.99236,0.0006932,0.0006932,0.0006932
134,213.298,0.66477,0.39807,0.83862,0.88455,0.68932,0.83482,0.54532,1.21265,0.74361,0.99311,0.0006833,0.0006833,0.0006833
135,214.849,0.66915,0.39216,0.8426,0.90713,0.70874,0.84656,0.54748,1.20196,0.75484,1.00361,0.0006734,0.0006734,0.0006734
136,216.404,0.67796,0.40708,0.84471,0.93331,0.66019,0.82909,0.54329,1.21994,0.81267,1.00476,0.0006635,0.0006635,0.0006635
137,217.948,0.65821,0.39072,0.8287,0.79513,0.76699,0.84138,0.55284,1.2043,0.74971,0.98365,0.0006536,0.0006536,0.0006536
138,219.493,0.6641,0.39921,0.84691,0.87721,0.69361,0.83717,0.54672,1.22068,0.76542,0.98975,0.0006437,0.0006437,0.0006437
139,221.032,0.68192,0.41278,0.84006,0.8964,0.71845,0.84511,0.55555,1.18186,0.75183,0.98359,0.0006338,0.0006338,0.0006338
140,222.578,0.66151,0.40055,0.84712,0.88169,0.72355,0.84299,0.5462,1.22406,0.7419,0.98514,0.0006239,0.0006239,0.0006239
141,224.121,0.64859,0.39204,0.82692,0.87185,0.75728,0.84748,0.54274,1.19936,0.76547,0.98087,0.000614,0.000614,0.000614
142,225.673,0.65983,0.38447,0.83167,0.83316,0.78641,0.85515,0.54547,1.21354,0.76346,0.98609,0.0006041,0.0006041,0.0006041
143,227.217,0.65689,0.4023,0.83125,0.94375,0.71845,0.86082,0.55824,1.21857,0.72973,0.99237,0.0005942,0.0005942,0.0005942
144,228.76,0.64298,0.39379,0.84987,0.84657,0.80357,0.86998,0.55927,1.21472,0.70399,1.00071,0.0005843,0.0005843,0.0005843
145,230.294,0.64181,0.3876,0.82895,0.85247,0.80583,0.87299,0.56629,1.20664,0.70337,0.98808,0.0005744,0.0005744,0.0005744
146,231.822,0.62923,0.38269,0.83247,0.94033,0.71845,0.83442,0.54255,1.21788,0.77481,0.99253,0.0005645,0.0005645,0.0005645
147,233.452,0.63455,0.39654,0.8502,0.94667,0.70874,0.8427,0.54113,1.22334,0.77164,0.99282,0.0005546,0.0005546,0.0005546
148,234.993,0.66519,0.40678,0.84233,0.93612,0.71145,0.85075,0.53236,1.22719,0.77239,0.98772,0.0005447,0.0005447,0.0005447
149,236.534,0.61732,0.38809,0.8364,0.90179,0.7132,0.84185,0.54017,1.23541,0.75604,0.99207,0.0005348,0.0005348,0.0005348
150,238.074,0.64387,0.39282,0.82743,0.89801,0.69903,0.83807,0.53949,1.18857,0.76396,0.97849,0.0005249,0.0005249,0.0005249
151,239.613,0.61686,0.37447,0.8231,0.92206,0.69903,0.84324,0.54168,1.20481,0.79466,0.98414,0.000515,0.000515,0.000515
152,241.159,0.62471,0.37773,0.83591,0.81051,0.75728,0.83246,0.54286,1.20215,0.7722,0.98454,0.0005051,0.0005051,0.0005051
153,242.694,0.62035,0.37111,0.83813,0.85284,0.73145,0.81972,0.53143,1.19839,0.78876,0.98379,0.0004952,0.0004952,0.0004952
154,244.234,0.61376,0.37067,0.8347,0.84227,0.74757,0.81426,0.52711,1.2026,0.78445,0.99557,0.0004853,0.0004853,0.0004853
155,245.779,0.63808,0.38113,0.84327,0.9154,0.71845,0.83217,0.53204,1.19946,0.75831,0.99258,0.0004754,0.0004754,0.0004754
156,247.325,0.62038,0.36879,0.83611,0.91973,0.72816,0.84755,0.54146,1.21,0.75006,0.99934,0.0004655,0.0004655,0.0004655
157,248.872,0.63925,0.38419,0.83338,0.91602,0.75728,0.86906,0.55133,1.2026,0.71826,0.99416,0.0004556,0.0004556,0.0004556
158,250.416,0.61849,0.36425,0.82585,0.83578,0.79062,0.88546,0.56086,1.20332,0.69368,0.99525,0.0004457,0.0004457,0.0004457
159,251.955,0.63097,0.38212,0.82531,0.86142,0.78459,0.88503,0.56338,1.22437,0.70415,0.99357,0.0004358,0.0004358,0.0004358
160,253.5,0.58164,0.34966,0.82617,0.95465,0.72816,0.89036,0.56394,1.22144,0.71249,0.98967,0.0004259,0.0004259,0.0004259
161,255.045,0.60909,0.37806,0.8369,0.82604,0.82986,0.88249,0.56289,1.23364,0.71051,0.98985,0.000416,0.000416,0.000416
162,256.674,0.59382,0.36048,0.82445,0.82392,0.82524,0.87994,0.55807,1.23931,0.71312,1.00116,0.0004061,0.0004061,0.0004061
163,258.223,0.58655,0.36166,0.83013,0.90073,0.76699,0.87545,0.56263,1.23148,0.70089,0.99239,0.0003962,0.0003962,0.0003962
164,259.769,0.5934,0.37072,0.82711,0.96158,0.72906,0.86247,0.55129,1.22436,0.70484,0.99443,0.0003863,0.0003863,0.0003863
165,261.311,0.59005,0.35682,0.81837,0.93936,0.73786,0.87472,0.54431,1.26145,0.68893,0.99633,0.0003764,0.0003764,0.0003764
166,262.848,0.59148,0.3683,0.81902,0.9325,0.75728,0.89202,0.57302,1.2115,0.6751,0.9845,0.0003665,0.0003665,0.0003665
167,264.388,0.58848,0.35532,0.81625,0.92796,0.7504,0.89348,0.58452,1.18786,0.6766,0.98232,0.0003566,0.0003566,0.0003566
168,265.938,0.58251,0.35958,0.82492,0.95705,0.74757,0.8831,0.56685,1.19917,0.69316,0.9877,0.0003467,0.0003467,0.0003467
169,267.477,0.58834,0.35763,0.84807,0.90825,0.74757,0.88518,0.57123,1.18822,0.68431,0.98236,0.0003368,0.0003368,0.0003368
170,269.017,0.56567,0.35184,0.81628,0.91977,0.74757,0.89317,0.57131,1.19998,0.68712,0.98294,0.0003269,0.0003269,0.0003269
171,270.562,0.54042,0.34061,0.82488,0.91507,0.75728,0.88416,0.56043,1.20794,0.7115,0.98788,0.000317,0.000317,0.000317
172,272.112,0.56486,0.34615,0.82415,0.95087,0.75157,0.88304,0.56179,1.19608,0.71333,0.97845,0.0003071,0.0003071,0.0003071
173,273.644,0.53321,0.33234,0.81993,0.91666,0.74753,0.8806,0.56207,1.20579,0.69638,0.98828,0.0002972,0.0002972,0.0002972
174,275.188,0.58076,0.35681,0.83029,0.93022,0.7766,0.89813,0.56987,1.21047,0.665,0.98836,0.0002873,0.0002873,0.0002873
175,276.718,0.54981,0.35152,0.83202,0.94992,0.73658,0.8934,0.57086,1.19497,0.64111,0.98505,0.0002774,0.0002774,0.0002774
176,278.365,0.59439,0.36626,0.83443,0.93738,0.73786,0.88615,0.56648,1.21574,0.65619,0.9891,0.0002675,0.0002675,0.0002675
177,279.901,0.54442,0.33719,0.81437,0.9497,0.7332,0.87978,0.57272,1.21047,0.65024,0.98699,0.0002576,0.0002576,0.0002576
178,281.436,0.58487,0.35517,0.82362,0.93292,0.74757,0.87775,0.57231,1.18622,0.67122,0.9838,0.0002477,0.0002477,0.0002477
179,282.985,0.56588,0.35381,0.83211,0.92539,0.75728,0.87005,0.55606,1.19387,0.70358,0.98588,0.0002378,0.0002378,0.0002378
180,284.539,0.55241,0.33974,0.81229,0.91919,0.74757,0.86749,0.55125,1.21934,0.73338,0.9905,0.0002279,0.0002279,0.0002279
181,286.073,0.54981,0.33873,0.82181,0.91692,0.75009,0.85955,0.54557,1.22083,0.73637,0.98899,0.000218,0.000218,0.000218
182,287.609,0.54673,0.34307,0.81626,0.91291,0.75728,0.85909,0.55052,1.19406,0.71737,0.98043,0.0002081,0.0002081,0.0002081
183,289.153,0.56209,0.3401,0.82375,0.9387,0.74333,0.87783,0.56956,1.19459,0.69087,0.97933,0.0001982,0.0001982,0.0001982
184,290.709,0.55815,0.34293,0.82509,0.91664,0.74735,0.89062,0.57064,1.21205,0.68736,0.98425,0.0001883,0.0001883,0.0001883
185,292.253,0.52497,0.3258,0.80908,0.94451,0.71845,0.88613,0.56649,1.21713,0.66943,0.98572,0.0001784,0.0001784,0.0001784
